-- MariaDB dump 10.19  Distrib 10.4.24-MariaDB, for Win64 (AMD64)
--
-- Host: 127.0.0.1    Database: employee_distribution
-- ------------------------------------------------------
-- Server version	10.4.24-MariaDB

/*!40101 SET @OLD_CHARACTER_SET_CLIENT=@@CHARACTER_SET_CLIENT */;
/*!40101 SET @OLD_CHARACTER_SET_RESULTS=@@CHARACTER_SET_RESULTS */;
/*!40101 SET @OLD_COLLATION_CONNECTION=@@COLLATION_CONNECTION */;
/*!40101 SET NAMES utf8mb4 */;
/*!40103 SET @OLD_TIME_ZONE=@@TIME_ZONE */;
/*!40103 SET TIME_ZONE='+00:00' */;
/*!40014 SET @OLD_UNIQUE_CHECKS=@@UNIQUE_CHECKS, UNIQUE_CHECKS=0 */;
/*!40014 SET @OLD_FOREIGN_KEY_CHECKS=@@FOREIGN_KEY_CHECKS, FOREIGN_KEY_CHECKS=0 */;
/*!40101 SET @OLD_SQL_MODE=@@SQL_MODE, SQL_MODE='NO_AUTO_VALUE_ON_ZERO' */;
/*!40111 SET @OLD_SQL_NOTES=@@SQL_NOTES, SQL_NOTES=0 */;

--
-- Table structure for table `empleados`
--

DROP TABLE IF EXISTS `empleados`;
/*!40101 SET @saved_cs_client     = @@character_set_client */;
/*!40101 SET character_set_client = utf8 */;
CREATE TABLE `empleados` (
							 `id` int(5) DEFAULT NULL,
							 `name` varchar(42) DEFAULT NULL
) ENGINE=InnoDB DEFAULT CHARSET=utf8;
/*!40101 SET character_set_client = @saved_cs_client */;

--
-- Dumping data for table `empleados`
--

LOCK TABLES `empleados` WRITE;
/*!40000 ALTER TABLE `empleados` DISABLE KEYS */;
INSERT INTO `empleados` VALUES (2434,'HERNANDEZ SANCHEZ ANTONIA'),(3868,'ALEJANDRE ARREGUIN IMELDA'),(4217,'ORTIZ AGUILAR MARGARITA'),(6807,'MARTINEZ GARCIA NORMA LETICIA'),(8666,'DOMINGUEZ CRISANTOS LEODEGARIA'),(9408,'LEDEZMA CALCANAZ LUZ MARIA'),(9909,'CELIO PEREZ HELIO GUILLERMO'),(9924,'AGUIRRE AGUIRRE MARA CELENE'),(10236,'GUTIERREZ VEGA RAMON'),(11218,'URREA SARABIA ALMA LETICIA'),(11285,'ORTIZ AGUILAR ARACELY'),(11780,'ROJAS VALDEZ PRAXEDIS'),(12037,'PEREZ CONTRERAS MARCELA'),(12502,'GALLEGOS ZAMORA ANA REGINA'),(12934,'VALLE CANIZALES YADIRA'),(13584,'ALVAREZ CASTILLO SONIA'),(13710,'MEDINA RENTERIA MARIA LUISA'),(14745,'DUARTE NIEVES AGUEDA'),(14984,'MEDINA RUIZ MARICELA'),(14998,'SANCHEZ RIVERA VERONICA'),(15022,'AGUILAR PEÑA SANTA CECILIA'),(15027,'VILLALOBOS DE LA CRUZ CRISTINA'),(15099,'TELLEZ SOTO MARIA ELENA'),(15150,'SOTO ROMERO MIRNA GUADALUPE'),(15176,'AISPURO LAFARGA RAUL'),(15205,'ULLOA DEL REAL MARIA ELENA'),(15213,'RAMIREZ LOZANO ALMA GLORIA'),(15335,'MILLAN CARLOS MARIA ROSAURA'),(15673,'VARGAS DELGADO NORMA KARINA'),(15939,'AGUILAR SUSTAITA LAURA ESTHELA'),(15988,'FLORES ESPINOZA ANABEL'),(16018,'MALDONADO HERNANDEZ MARIBEL'),(16048,'VERDUZCO LUGO FELIPA'),(16073,'INDA JIMENEZ MARTHA LAURA'),(16120,'VALENZUELA CRUZ VICTOR EDUARDO'),(16226,'GARNICA RAZO CAROLINA MATILDE'),(16303,'LUCIANO PATIÑO ANITA'),(16346,'HERNANDEZ FRANCISCO JOCABED'),(16390,'PEÑA HERRERA LORENA'),(16393,'SAUCEDO MARQUEZ LETICIA'),(16456,'ROBLES MADRIGAL ELSA CANDELARIA'),(16556,'MARTINEZ TORRES MA CARMEN'),(16587,'CABRERA MORALES TERESA'),(16784,'MACEDO BECERRA GEMA GUILLERMINA'),(16815,'BOJORQUEZ MOYA LUIS ALFONZO'),(17182,'NEGRETE MARTINEZ MARIA RUTH'),(17295,'MOLINA GUERRERO LUCIO'),(17298,'LERMA VERDUZCO MAGDALENA'),(17343,'MENDEZ COTA CARMEN PATRICIA'),(17496,'LEYVA ATONDO CARMEN PATRICIA'),(17763,'ORTEGA CASTILLO GEORGINA'),(17774,'JIMENEZ PICOS ASTREA ELOISA'),(17776,'GARCES CASTRO SANDRA LUZ'),(17969,'GARIBAY ROSALES JOSE ANTONIO'),(17973,'MEZA AVILA SOFIA DEL ROSARIO'),(17978,'MARTINEZ REYNOSO MARIA TERESA'),(18001,'CORRAL MARTINEZ MYRNA ARACELY'),(18024,'BAEZ VASQUEZ MARIA'),(18038,'CESE¥A GALINDO MARCELA GUADALUPE'),(18061,'RAMOS VILLARREAL MARIA ANTONIA'),(18128,'VILLALOBOS MUÑOZ ANGELICA'),(18176,'GALINDO LOPEZ GUADALUPE'),(18329,'PEÑA GARCIA NORMA YOLANDA'),(18381,'ACEVES CASTRO ANA CRISTINA'),(18406,'CARRANZA GONZALEZ JOSE RAUL LEOBARDO'),(18469,'GUTIERRES CALDERA ASUSENA'),(18471,'LERMA GUTIERREZ ROSA DELIA'),(18614,'QUIROZ MALDONADO CARLOS ARMANDO'),(18704,'AMARILLAS MURRIETA GRICELDA'),(18889,'SANCHEZ CASTAÑEDA JAVIER LEOBARDO'),(19136,'MELENDREZ  DOLORES ESPERANZA'),(19996,'IÑIGUEZ CHAVOLLA ANDREA'),(20378,'HERNANDEZ JAUREGUI JOSEFINA DEL CARMEN'),(20468,'OCHOA LEON VERONICA'),(20476,'HERNANDEZ GARCIA GLORIA'),(20532,'VAZQUEZ FELIX ADRIANA IMELDA'),(20596,'GODINEZ RINCON MARICELA GUADALUPE'),(20601,'GARCIA MARTINEZ DIANA PATRICIA'),(20663,'SANCHEZ CAMPOS MARIA GUADALUPE'),(20765,'CHAVEZ PARRA ELIAS'),(20808,'HERNANDEZ DEL VILLAR ROSALINDA'),(20810,'HINOJOS ROBLES SILVIA ALEIDA'),(20882,'AYALA SALAS LAURA IVETTE'),(20887,'LOPEZ CUELLAR LETICIA'),(21025,'RODRIGUEZ CEPEDA ISABEL CRISTINA'),(21028,'GONZALEZ ASTORGA GUILLERMINA'),(21225,'ZURITA CRUZ MAYRA ALEJANDRA'),(21230,'MALDONADO LEYVA ROSALVA'),(21301,'MICHEL AGUILAR MARTHA ALICIA'),(21425,'PEÑA JAQUEZ JOSE LUIS'),(21519,'MEZA BURGOS MARTHA ELENA'),(21682,'GRACIA LOPEZ OSCAR IVAN'),(21683,'CASTILLO MURO JOSE MARTIN'),(21699,'PRESIADO LEON ELVIRA MAVEL'),(21907,'MARENTES LOPEZ SONIA'),(21908,'RAMIREZ TAPIA RAUL'),(22173,'SOLIS LOPEZ MARICELA'),(22338,'ARAGON ESQUIVEL FRANCISCA ROSARIO'),(22855,'HUAPE LOZANO ELIA'),(23218,'PEREZ  MERCEDES'),(24202,'GUTIERREZ LACHICA IRMA DORALI'),(24584,'CASTRO CHAVEZ MYRNA GUADALUPE'),(24586,'CASTILLO RODRIGUEZ YURYRYA'),(24743,'GONZALEZ PEREZ MA ESMERALDA'),(24825,'NAVA CASTILLO MARIA DE LOURDES GENOVEVA'),(24832,'VERDUZCO LUGO GLORIA LIDIA'),(24930,'ACU¥A ROQUE MARIA LORENA'),(24993,'DE LA CERDA SANDOVAL ROSA MARIA'),(24997,'ELIAS CAMACHO NATIVIDAD'),(25005,'OCHOA PEÑA VERONICA'),(25007,'FERNANDEZ PONCE MARIA ELENA'),(25297,'TORRES PILAR MARIA GUADALUPE'),(25567,'VALENZUELA RAMIREZ MARIA ANTONIA'),(26246,'ALANIS MEZA CIRILA'),(26261,'LOPEZ TOLENTINO MARIANO GUADALUPE'),(26271,'JUAREZ AMEZCUA MARTHA ALICIA'),(26374,'MORALES ESPINO MARIA CRISTINA'),(26436,'MONTOYA MONTOYA MARIA DE LOURDES'),(26439,'HINOJOZA RAMIREZ MARIA DE JESUS'),(26467,'VALDEZ ZAMORA EDNA VERONICA'),(26484,'LOPEZ CAMACHO SELENE'),(26569,'SANCHEZ BERNAL MARTHA LAURA'),(26580,'RODRIGUEZ POMPA CECILIA ALONDRA'),(26636,'LARA MENDOZA HERMELINDA'),(26647,'MORALES GUERRA JAIME'),(26658,'LUQUE VALENZUELA SANDI YURIDIA'),(26662,'SANDOVAL ROBLES IRMA DEL ROSARIO'),(26848,'DUEÑES ORANTES ADRIANA ABRIL'),(27117,'LOPEZ BARRERA VERONICA'),(27122,'HIGUERA GARCIA INES ANTONIA'),(27128,'GARCIA LOPEZ MARISA'),(27375,'VALADEZ CHAVEZ SANDRA AMERICA'),(27376,'GUZMAN CALVARIO LETICIA'),(27531,'AGUAYO ROSALES IBETH'),(27533,'JUAREZ AMEZCUA LUCIA'),(27535,'QUEZADA PEREZ VICTORIA'),(27686,'BERNAL OSUNA MIRNA DEL ROSARIO'),(27703,'PEREZ GUZMAN MARIA IRMA'),(28058,'TABOADA SALINAS MARIBEL'),(28066,'BARTOLON MORALES MERCEDES'),(28068,'VALENZUELA CORTES SALOMON'),(28246,'IRIBE LOPEZ MARTHA PATRICIA'),(28401,'GONZALEZ GONZALEZ BEATRIZ ADRIANA'),(28403,'GARCIA MEJIA ROSA ELVIA'),(28528,'CEBALLOS HERRERA SANDRA KARINA'),(28563,'ROCHA OSORIO VERONICA TRINIDAD'),(28596,'VALENZUELA JIMENEZ CRISTINA IRENE'),(28724,'AGUILAR PEÑA DAVID JOEL'),(28735,'VALLE DE LA CRUZ MA ELENA'),(28880,'HERRERA VAZQUEZ ROCIO ELIZABETH'),(28882,'LOPEZ CARDENAS MARIA ISABEL'),(28893,'PADILLA CANSECO SILVIA'),(28899,'LOPEZ SAGASTE MARGARITA'),(28906,'GARCIA BURCIAGA GUADALUPE'),(28914,'CUELLAR JACQUEZ MIRIAM'),(28923,'PIÑA PEÑA MARIA ELVIRA'),(28945,'MORENO TRUJILLO EMELINA'),(28950,'MARIN LUJAN ANA MARIA'),(29076,'VALDEZ REZA CARLOS GABRIEL'),(29085,'LOPEZ RODRIGUEZ ROSA HERLINDA'),(29086,'TAPIA SANCHEZ DIANA GABRIELA'),(29099,'TORRES MARTINEZ VERONICA'),(29162,'RAMOS CHAVEZ AMELIA'),(29170,'MENCHACA MEDINA JULIETA'),(29182,'CONTRERAS VEGA TERESA DE JESUS'),(29187,'RENTERIA SEPULVEDA GERARDO'),(29198,'DUARTE CARDENAS LETICIA ISABEL'),(29300,'OCHOA LEON MARIA SOLEDAD'),(29302,'SANCHEZ PEREZ ARACELI'),(29305,'FERNANDEZ LOPEZ IRENE DENIS'),(29307,'AGUILAR SILVESTRE OLGA LIDIA'),(29343,'COLLAZO MORENO MARIA'),(29345,'GARCIA MEDINA MARICELA'),(29544,'PEREZ CAMPOS TERESA'),(29559,'LOPEZ HERRERA ELVIA MANUELA'),(29568,'FERREL BARRAGAN MARIA VERONICA'),(29906,'ACU¥A GONZALEZ MIREYA'),(29913,'CASTRO VIDAL NANCY'),(29953,'BERMUDEZ TRIGO MAYRA ARACELI'),(29954,'VICENTE MUÑOZ IRUBIEL'),(30001,'NAVARRETE GALINDO PERLA LIZETH'),(30008,'LARES GARCIA VANESSA ALEJANDRA'),(30011,'CAZARES GARCIA ANA MARIBEL'),(30014,'RAMOS MOLINA MIRIAM AGUSTINA'),(30017,'HERNANDEZ VAZQUEZ SERGIO'),(30029,'ORTIZ CRUZ ANA MARIA'),(30033,'REYES PLASCENCIA GLORIA ALICIA'),(30125,'GOMEZ VARGAS AIDA MARISOL'),(30141,'MARCIAL ROJAS RAQUEL'),(30144,'CAYEROS ARIAS DAVID ALBERTO'),(30145,'HUITZIL SANDOVAL GUADALUPE'),(30147,'FIGUEROA CARRILLO SANDRA LUZ'),(30164,'SOLORIO AISPURO CINTHYA BERENICE'),(30201,'CHAPARRO GUERRERO MIGUEL ANGEL'),(30214,'ROBLES MERCADO BLANCA ANGELICA'),(30219,'MEZA PEREZ PERLA MARINA'),(30234,'RUVALCABA GOMEZ OSCAR'),(30239,'ALVAREZ VALENCIA DANIEL ARTURO'),(30242,'RUIZ VILLAGRANA YESICA GUADALUPE'),(30256,'HURTADO MEDINA FLORENCIA'),(30274,'ACEVES CASTRO MARICELA'),(30416,'MALAGON CALDERON BRENDA ALEJANDRA'),(30508,'VALENZUELA CORTEZ ABEL'),(30594,'SANTANA HERRERA ENRIQUE'),(30630,'HERNANDEZ DUARTE PEDRO LUIS'),(30741,'GONZALEZ MARTINEZ DALIA VERONICA'),(30830,'ESPINOZA ESPINOZA PATRICIA'),(30866,'CASTRO SOTO ELIDA LUZ'),(30975,'MEDINA HERNANDEZ ANA LILIA'),(30991,'RODRIGUEZ RIVERA DORA MARIA'),(31034,'FIGUEROA LEYVA GRISELDA'),(31213,'SAINZ SANCHEZ ISABEL'),(31235,'RAMIREZ LEON MARIA DEL ROSARIO'),(31340,'GUERRERO RENDON ALMA DELIA'),(31460,'AMBRIZ MENDOZA SANDRA'),(31582,'PATI¥O GUTIERREZ MARIA LUZ'),(31618,'VALENZUELA BURGUEÑO RAMON'),(31719,'ORANTES ALCALA ROSA ISABEL'),(31779,'MORALES RAMIREZ ERIKA GABRIELA'),(31815,'ROSALES CASTAÑEDA RAQUEL'),(31818,'GUTIERREZ VIVAS ELIZABETH'),(31837,'OSUNA SALVA ANA ABIGAIL'),(31850,'YEPIZ CISNEROS BERENISE'),(31880,'AVILA RANGEL BRENDA GUADALUPE'),(31939,'VIZCARRA SANCHEZ ELIZABETH'),(31959,'RODRIGUEZ MERCADO NOREYDA'),(31991,'CRESPO GALVEZ HILDA FRANCISCA'),(32148,'CHAPARRO GARCIA PENELOPE'),(32181,'RODRIGUEZ SANTIESTEBAN MARIA'),(32215,'GARCIA FLORES JOSEFINA'),(32216,'HURTADO JIMENEZ BLANCA PAMELA'),(32217,'MARTINEZ CHAVEZ JORGE ARTURO'),(32531,'JUAREZ QUINTANA NANCY EDITH'),(32532,'CERVANTES GUTIERREZ LIDIA NOEMI'),(32611,'ALFARO DUARTE XOCHITL NOEMI'),(32637,'MARTINEZ LEYVA GERARDO'),(32642,'ACOSTA JUAREZ IVAN'),(32643,'RAMOS SANCHEZ JOSE MANUEL'),(32651,'GONZALEZ ANDRADE JOSE PEDRO'),(32670,'CUEVAS ESTRADA ESPERANZA DE JESUS'),(32692,'ALCARAZ ALCARAZ NORA'),(32719,'SANCHEZ AQUINO MARIA DEL CARMEN'),(32915,'DIAZ CANALES LILIANA ELIZABETH'),(32916,'VIZCARRA HERNANDEZ ERIKA ESPERANZA'),(32926,'NAVARRO BELTRAN JOSE RAFAEL'),(32928,'CORTES DIAZ JOSE GUADALUPE'),(32937,'REYES ZAMORA REYES'),(32978,'TIRADO CARDENAS MARGARITA GUADALUPE'),(33089,'CHAVERO JUAREZ JUANA'),(33099,'AYALA AGUILAR JUANA DELIA'),(33100,'CARRILLO DURAN ERIKA'),(33109,'SANCHEZ DE LEON JORGE ARTURO'),(33140,'GUTIERREZ GARCIA FELIPA'),(33141,'PUENTE NUÑEZ MARIA SALOME'),(33163,'AYALA CESEÑA DIANA GUADALUPE'),(33168,'BAEZ MENDOZA RICARDO'),(33202,'VALENZUELA FLORES JUAN CARLOS'),(33210,'RODRIGUEZ GARCIA MARIA NAVIDAD'),(33305,'GOMEZ ARAIZA MARIO'),(33430,'PAYAN PERAZA JESUS ADAN'),(33456,'SANCHEZ JIMENEZ ANA CECILIA'),(33458,'BORJA BOCANEGRA VIRIDIANA GUADALUPE'),(33489,'RAMIREZ MONTOYA LAURA ANGELICA'),(33509,'BELTRAN CARDENAS ROSA ICELA'),(33648,'ANTONIO REYES ERIKA ELSA'),(33662,'RIOS ALEGRIA MIRIAN'),(33671,'REYMUNDO ESCATEL JANETH'),(33703,'LUQUE PORRAS BLANCA BERENICE'),(33854,'ACOSTA CORRALES JUANA DE DIOS'),(33887,'WONG ANTUNEZ CELIA'),(33943,'ZAPATA MOLINA ADRIANA'),(33956,'HERNANDEZ HERNANDEZ ANTONIA'),(33981,'ANGULO NAVA MARIA GUADALUPE'),(34019,'ALMANZA MARTINEZ ELIZABETH'),(34103,'ROSALES GUZMAN RUBEN'),(34118,'AVALOS ROSALES MARIA ELISA'),(34206,'QUIJADA TALAMANTES DIANA GUADALUPE'),(34324,'LOPEZ MORALES MARIA CRISTINA'),(34441,'CHEIN DOMINGUEZ DEVORA IVETH'),(34444,'JIMENEZ RODRIGUEZ ERNESTINA'),(34445,'RIVERA DUARTE ALMA ROSA'),(34446,'ROSALES JUAREZ MARICELA'),(34449,'BAJO ARCE LIDIA MARGARITA'),(34457,'PEREZ ARZAC JOSE MANUEL'),(34462,'COTA BERNAL MARTHA OFELIA'),(34495,'HUERTA DE NAVA MARIA ELENA'),(34533,'CASTILLO CIGALA NESTOR GUSTAVO'),(34538,'RODRIGUEZ LUNA LIDIA'),(34592,'VALENZUELA LUQUE CLAUDIA MARLETH'),(34678,'MARIZCAL TAPIA JESUS GUADALUPE'),(34715,'GONZALEZ ROMERO KARLA BEATRIZ'),(34860,'ESCOBAR LEON NANCY LILIA'),(34894,'VERDUGO ARMENTA GUADALUPE ELIZABETH'),(34957,'CAMPAS ARAUJO GRISELDA'),(34963,'LEYVA ATONDO PAUL ANTONIO'),(35077,'ORDU¥O GUTIERREZ MARIA DE LOS ANGELES'),(35135,'SARMIENTO PATIÑO DIANA LIZETH'),(35179,'ESPINOZA URIAS ILDA ARACELI'),(35402,'HERNANDEZ LOPEZ CRISTINA'),(35406,'FARIAS SERRANO EVANGELINA'),(35708,'MIRAMONTES FUENTES ALMA PATRICIA'),(35767,'DE LA PAZ CAMPO OSCAR ARMANDO'),(35788,'MENDIAS DELGADILLO EMMA ELIZABETH'),(35880,'GARCIA MARTINEZ LUCERO ESMERALDA'),(35937,'VILLAVERDE MAGAÑA ROSA ELVIRA'),(36014,'GARCIA GONZALEZ DEISI MARLEN'),(36124,'ANTONIO REYES NICOLASA REYNA'),(36155,'SANCHEZ EQUIHUA ADELINA'),(36218,'LOPEZ CARDENAS SILVIA LOURDES'),(36352,'MAREZ GONZALEZ PAULA IGNACIA'),(36353,'MEZA BURGOS LEONOR'),(36419,'QUIÑONES GONZALEZ ILDA CRISTINA'),(36455,'MARTINEZ GUERRA MARBELLA'),(36456,'TOVAR ADAME LINDA BERENICE'),(36459,'ESPARZA LOPEZ ELSA VERONICA'),(36473,'CARRILLO RODRIGUEZ CATY NAYASIN'),(36545,'LUGO MONTOYA RAQUEL BERENICE'),(36547,'ANGULO TOVAR BERNABE'),(36614,'CALDERON BELTRAN ANA CELIA'),(36738,'SANTOS ROJAS MARIA GABRIELA'),(36782,'HIDALGO VILLARREAL MARGARITA'),(36836,'ZUNO RUIZ KARINA'),(36873,'CANO GONZALEZ ARACELI'),(36877,'RUIZ LOPEZ LUZ ELENA'),(36904,'GARCIA MORA RAFAELA'),(36990,'SILVA GONZALEZ ANA CRISTINA'),(37100,'HUICHO CARRILLO FRANCISCO DAVID'),(37173,'LOPEZ CRUZ JOHANA LUCIA'),(37176,'ARMENTA OSUNA FLOR MARIA'),(37225,'RAMIREZ CRISOSTOMO ISELA'),(37574,'ARZOLA SALDAÑA NELIA CRISTINA'),(38038,'PLATA VALDEZ MARIA DEL CARMEN'),(38158,'PEREZ LOPEZ MARIA DE JESUS'),(38261,'LOPEZ BUITRON VIVIANA'),(38318,'BARRON ZUNO DIANA LORENA'),(38515,'OCEGUEDA MELCHOR CRUZ ELVA'),(38608,'VAZQUEZ RUELAS ARTURO'),(38710,'AGUILAR CAMACHO JULIETA'),(38713,'SEPULVEDA DE LEON CESAR RAMON'),(38885,'LOZANO HIDALGO MARTHA ANGELINA'),(38932,'RUIZ RAMIREZ ALMA MARIA'),(39105,'FAJARDO AVALOS BELEN EVELIA'),(39185,'GARCIA GOMEZ CAROLINA'),(39286,'MENDEZ DIAZ MARIA VERONICA'),(39287,'PANO GALLARDO MARIO'),(39374,'SANCHEZ MENDEZ MARIA DE JESUS'),(39383,'ROMERO GOMEZ BERENICE BEATRIZ'),(39435,'SANDOVAL FARIAS CLAUDIA GUADALUPE'),(39450,'OCHOA VALENCIA SALVADOR'),(39466,'CORIA PEREZ ISMAEL'),(39477,'AVELAR MOYA CLAUDIA CECILIA'),(39507,'VASQUEZ MARTINEZ VERONICA ELIZABETH'),(39618,'ARMENTA GONZALEZ LUIS HUMBERTO'),(39745,'GUTIERREZ LACHICA LUZ VERONICA'),(39861,'PACHECO RANGEL AURELIO EUSEBIO'),(39884,'RUIZ DOMINGUEZ MONICA JANETH'),(39921,'GARCIA TERRIQUEZ ROSARIO JAQUELIN'),(39957,'HERNANDEZ MATA BLANCA ESTHELA'),(39981,'RODRIGUEZ LEDESMA VERONICA'),(39987,'CAMPOS QUIJADA MARLENE'),(39998,'BRONDO ROMERO KARLA MONICA'),(40005,'LOPEZ HERAS ELVIRA'),(40066,'IBARRA RAMOS XOCHITL MARIA'),(40106,'GUTIERREZ APARICIO CINTHYA JOSSELYN'),(40118,'BURGOS VERDIN CESAR MANUEL'),(40136,'APODACA MENDOZA JOSE ENRIQUE'),(40158,'LEYVA CASTRO TERESA GUADALUPE'),(40162,'OSORIO MURILLO MIGUEL ANGEL'),(40203,'RIOS RODRIGUEZ OMAR'),(40247,'GARCIA PIÑA IRIS EVANGELINA'),(40258,'LEON ROJO ALBERTO'),(40262,'CAMACHO ARREDONDO CYNTHIA MARGARITA'),(40297,'AYALA PACHECO ANGEL ENRIQUE'),(40298,'BERRELLEZA CAÑAS LLUVIA SELENE'),(40328,'GOVEA MENDOZA BARTOLA MARGARITA'),(40332,'TAPIA NIEBLAS MARIA ELENA'),(40347,'ULLOA GONZALEZ CINTHIA GUADALUPE'),(40351,'RODRIGUEZ ACOSTA YESENIA'),(40354,'ENCINAS ORTIZ CALEB'),(40355,'PEREA CARRILLO ALEJANDRA'),(40360,'ZUBIA RAMOS MYRIAM'),(40389,'CARDENAS PEREZ LIZETH FABIOLA'),(40393,'AGUILAR GARCIA IVON'),(40412,'RODRIGUEZ VIDAL MARIA DEL ROCIO'),(40422,'REGALADO RAMIREZ NARDA'),(40424,'SANDOVAL QUIÑONEZ EVA LUZ'),(40426,'MACIAS MUÑOZ RICARDO'),(40430,'RAMOS CAZARES MIGUEL'),(40433,'GUTIERREZ ROMAN ALEJANDRINA'),(40444,'ARREDONDO GUILLEN NANSY'),(40450,'CALDERON TAPIA MARTHA ELBA'),(40456,'VILLARREAL QUIÑONEZ EDGAR IVAN'),(40473,'FUENTES HILERIO VITELIO'),(40478,'MARQUEZ GARDUÑO EDNA'),(40487,'DIAZ ROMO ESTEFANI'),(40502,'BELTRAN FRANCO LEONARDO DANIEL'),(40503,'VALDEZ HUERTA ALEJANDRA MARIEL'),(40515,'HERNANDEZ GOMEZ YOANA LISET'),(40534,'GUZMAN GUERRERO JULIO ISRAEL'),(40539,'GUTIERREZ URIAS ALAN'),(40545,'CERVANTES ATONDO OLIVIA'),(40587,'ACOSTA REYES OLGA CECILIA'),(40595,'SANCHEZ ROBLERO ANABEL EDELMIRA'),(40627,'TERAN RUIZ MARIO'),(40636,'SOTO GOMEZ DAVID ADRIAN'),(40685,'WILSON GALLEGOS JONATHAN ARTURO'),(40699,'VALENZUELA HIGUERA MIRNA LETICIA'),(40704,'ROSALES GUZMAN ANGEL'),(40706,'BERNAL OSUNA LUCIA ISABEL'),(40708,'RAMIREZ CAMPOS BRIAN ALONSO'),(40745,'PEREZ ARZAC JOSE ANGEL'),(40749,'TOVAR COTA AURORA'),(40751,'BEDOLLA MELENDEZ SAHIRA'),(40773,'VALENZUELA JIMENEZ EDGAR RAUL'),(40780,'ARMENTA LEON ALEJANDRA GUADALUPE'),(40784,'JACQUEZ GONZALEZ ROSA GUILLERMINA'),(40844,'HUARAQUI RUIZ MARTIN EDGARDO'),(40859,'CORDOVA GUZMAN OCTAVIO ALEJANDRO'),(40867,'ARELLANO BASTIDAS SANDRA'),(40877,'FIGUEROA GUEVARA JUAN MANUEL'),(40878,'CASTILLO JUAREZ LAURA ALICIA'),(40897,'VACA ORTIZ NEFTALI'),(40917,'MONTIEL PEÑAFIEL MARIA DE LA LUZ'),(40929,'GARCIA URBINA VALENTIN'),(40931,'LEON QUINTANA JENIFER'),(40945,'GONZALEZ FUENTES JULIO CESAR'),(40967,'VILLA PEREZ CLAUDIA DENISE'),(40983,'TUCUCH MAY ANA ALEJANDRA'),(40988,'DIAZ RODRIGUEZ JOSEFINA'),(40989,'PATIÑO VAZQUEZ GUADALUPE'),(40999,'CORONA PIO ROCIO'),(41033,'GARCIA BARAJAS RICARDO'),(41053,'RENTERIA GARCIA JOSE'),(41058,'VILLA PRIETO CECILIA'),(41066,'CHAVEZ BECERRA MARIA CRISTINA'),(41068,'RAMOS VALADEZ ROSA ELENA'),(41080,'RUVALCABA  FRANCISCA'),(41092,'REYNA ZUÑIGA ALMA'),(41096,'ROBLES MARQUEZ ROCIO'),(41097,'SALADO CATARINO ISMAEL'),(41113,'NUÑEZ GARCIA SERGIO'),(41134,'GARCIA VALENCIA ADRIANA'),(41170,'CHIGO TOTO MARICELA'),(41186,'ORTEGA MORENO GUADALUPE CRISTIAN'),(41200,'CASTRO SOTO ALBA ANGELINA'),(41233,'ALVAREZ RODRIGUEZ BEATRIZ ELIZABETH'),(41238,'FRUTOS SIMENTAL ZEFERINO'),(41246,'ROMAN UREÑA YANET'),(41257,'FELIX AISPURO PAUL'),(41258,'GUERRERO GUZMAN PATRICIA REMEDIOS'),(41262,'GONZALEZ BURGARA JOSE'),(41281,'MORENO MARQUEZ FRANCISCO ANTONIO'),(41288,'CORONILLA RAMIREZ JESUS JAVIER'),(41290,'CASTILLO MICHEL MARIO ALBERTO'),(41301,'CRUZ RODRIGUEZ JUAN PABLO'),(41302,'ARRIETA GONZALEZ JESUS'),(41312,'DUEÑAS CORTEZ BIANCA PAOLA'),(41326,'MORALES DIAZ BRENDA IVETH'),(41340,'VELAZQUEZ ALANIS DULCE CAROLINA'),(41350,'MEZA CAMPECHANO RUTH ELENA'),(41351,'MEZA CAMPECHANO KATTY'),(41366,'NOLASCO ORTEGA MIGUEL ANGEL'),(41401,'HERNANDEZ VAZQUEZ ANA ROSA'),(41419,'BARRON MENDIOLA ROSA DE LIMA'),(41421,'RAMIREZ OCHOA MARTHA LAURA'),(41424,'MORALES DANIELS RENE DAVID'),(41435,'CHAVEZ ISLAS SANDRA'),(41441,'MARTIN SANTOS VERONICA PAOLA'),(41442,'ARAIZA DIAZ RUTH VERONICA'),(41452,'MARTINEZ AVALOS JOSE PAULINO'),(41513,'CASTELAN VALENZUELA ABIGAIL'),(41525,'RAMIREZ GUTIERREZ RICARDO ISMAEL'),(41545,'MARQUEZ FLORES ALMA ROSA'),(41577,'GALVEZ RUBIO ROSARIO'),(41578,'CASTRO AREVALO ANDREA'),(41588,'GUTIERREZ VEGA NORMA ALICIA'),(41592,'IBARRA BUSTAMANTE SOFIA YADIRA'),(41638,'GOMEZ  GRISELDA'),(41676,'PEREZ ORTEGA MARIA ELENA'),(41677,'BELTRAN SANCHEZ AIDE GUADALUPE'),(41680,'REYES TELESFORO KAREN YASMIN'),(41683,'GONZALEZ LARA REYNA LETICIA'),(41709,'LOPEZ FLORES GLADIZ KARINA'),(41734,'AVITIA JIMENEZ JESUS RAMONA'),(41737,'HUERTA PORTUGAL ANGELICA'),(41808,'LOPEZ GALVAN JULIA GUADALUPE'),(41821,'RENDON SANCHEZ MARIA CONSUELO'),(41827,'TIZNADO SEVILLA ROSA ISELA'),(41840,'RUIZ GARIBALDI ROMELIA'),(41844,'RAMIREZ SARAZUA MARIA DE LOS ANGELES'),(41849,'LOPEZ RENTERIA MARTHA ANGELINA'),(41850,'AYON GARCIA JUAN RAMON'),(41859,'MARTINEZ ROMERO ALMA PATRICIA'),(41867,'LOPEZ HERNANDEZ VERENICE'),(41879,'BAÑALES LEDESMA ORALIA ARACELI'),(41914,'CARDENAS VARGAZ LUIS ANGEL'),(41941,'GARCIA LARA ALEJANDRO'),(41965,'INZUNZA ZUÑIGA JULIO CESAR'),(41967,'BASTIDAS CORTEZ YULMA VIRIDIANA'),(41988,'PORTUGAL SOTO ADAN EDUARDO'),(42025,'SANTIAGO CORTEZ VALENTE'),(42027,'ROJAS ARAUJO JESUS'),(42031,'SOBERANO AVALOS ROGER MARIO'),(42037,'CONTRERAS ANDRADE ANGEL GABRIEL'),(42038,'TOVAR FLORES ELIZABETH'),(42040,'CARRANZA GONZALEZ GONZALO'),(42060,'ALARCON NUÑEZ CARLOS ARTURO'),(42068,'MARTINEZ FLORES FLORIANITH'),(42086,'HERNANDEZ JAUREGUI JORGE ALBERTO'),(42093,'ALCALA VIDAURI MYRNA GABRIELA'),(42097,'ABARCA CARMONA DIANA'),(42114,'LOPEZ MIRAMONTES KAREN VERONICA'),(42116,'ZARATE MARIN BRENDA ITZEL'),(42145,'FAUSTINO FIGUEROA MARGARITA'),(42163,'RAMIREZ MAGALLANES PATRICIA'),(42166,'MOLINA RODRIGUEZ CECILIA'),(42167,'AVILA ARAUJO JESUS ENRIQUE'),(42189,'VENEGAS CARBAJAL ADRIANA'),(42227,'RICO  CARLOS GUADALUPE'),(42231,'SIERRA  LUZ JICELA'),(42233,'MULGADO RUIZ JOSE ANTONIO'),(42237,'LOZANO GARCIA CARLOS JOVANY'),(42242,'CASTORENA GUTIERREZ JOSE FRANCISCO'),(42256,'SALCEDO  JOSE IGNACIO'),(42278,'CESEÑA MORALES ALBERTO'),(42284,'CRUZ RODRIGUEZ LENIN PATRICIA'),(42292,'PEREZ FARFAN NAYELI YAZMIN'),(42337,'MORONES VIERA ERIKA'),(42352,'DIAZ SESMA MIGUEL ANGEL'),(42363,'MERIN GARCIA MARIA SAGRARIO'),(42374,'AGUIRRE VALENZUELA ELSA JACINTA'),(42388,'PACHECO ESPARZA JOSE RAMON'),(42389,'CERDA SANCHEZ ENRIQUE'),(42405,'MORENO VALENZUELA FERNANDO'),(42421,'BELTRAN REYES DIEGO EDUARDO'),(42465,'GUZMAN GARCIA GENOVEVA'),(42474,'ANTONARES LEON SOCRATES ANTONIO'),(42475,'HERNANDEZ MONTOYA JUAN ANTONIO'),(42480,'RUIZ HERNANDEZ LAURA'),(42524,'ALVARADO CRUZ LILI'),(42541,'DUARTE BEJARANO MIGUEL ANGEL'),(42546,'SERRANO MODESTO JAIME ARTURO'),(42583,'PALOMARES  JUAN'),(42649,'CHACON ACEVEDO BENJAMIN'),(42658,'LUNA GONZALEZ MARIA ESTHER'),(42678,'SANCHEZ GARCIA KAREN LIZETTE'),(42704,'GARCIA VERGARA MIGUEL ANTONIO'),(42711,'VILLANUEVA DIAZ PATRICIA'),(42713,'GUZMAN GARCIA HELAIVER'),(42714,'DUARTE GONZALEZ EDILBERTO'),(42715,'AGUILAR MENDOZA AMELIA'),(42765,'TAMAYO BELTRAN JOSE ABRAHAM'),(42771,'RAMIREZ ROMAN ANGELA'),(42785,'GALLARDO ESPINOZA KATIA MARILY'),(42796,'RAYAS OCHOA KAREN ANAYANCI'),(42807,'BUSTAMANTE MENDOZA YOLANDA'),(42808,'GAETA CARRILLO IRENE BERTHA'),(42816,'LOPEZ PARRA NORMA ARACELI'),(42817,'VAZQUEZ GARCIA RAUL'),(42825,'LOPEZ AYON YAXAIRA CATALINA'),(42844,'CAMARENA ROBLES ANGEL OMAR'),(42855,'DOMINGUEZ VASQUEZ VANESSA ELIZABETH'),(42859,'VAZQUEZ OZUNA MARIA ADELA'),(42866,'CORONADO CALDERON LUIS ALBERTO'),(42886,'IGNACIO ALCANTARA LUCERO MICHEL'),(42895,'ZUBIA HERNANDEZ JESUS MANUEL'),(42903,'AVIÑA VEGA RAUL HORACIO'),(42929,'CASTILLO OLIVAS JAVIER'),(42939,'ZAMORA ROBLEDO CARLOS JAVIER'),(42967,'AVALOS ENCINAS CONSUELO ALEJANDRA'),(42972,'FLORES RODARTE NORMA PATRICIA'),(42974,'LOPEZ GOMEZ KARLA IVONE'),(42989,'GARCIA HERRERA OLGA LIDIA'),(42993,'NEVAREZ OROPEZA LORENA'),(42997,'HERNANDEZ AMARILLAS JESUS'),(43039,'MARTINEZ LEYVA EFRAIN'),(43051,'CONTRERAS SANDOVAL EVELYN ARLETH'),(43052,'OLMEDO BRICEÑO CINTHIA ARACELI'),(43082,'GALVEZ GARCIA LUZ MARIA'),(43086,'MATA GONZALEZ BRISA'),(43092,'CERVANTES FIERROS MARLENE CECILIA'),(43094,'LOPEZ CRUZ LUIS CARLOS'),(43113,'LOPEZ GOMEZ KARLA KASSANDRA'),(43165,'MACIAS MUÑOZ DORA ALICIA'),(43169,'TAPIA GONZALEZ ROSA LIZETH'),(43172,'BECERRA RUIZ GUADALUPE'),(43197,'NORIEGA LLAMAS ALFONSO'),(43200,'MIRAMONTES OROZCO GUSTAVO'),(43218,'CHAVEZ RODRIGUEZ MARIA DEL SOCORRO'),(43222,'YAÑEZ GARCIA ANA'),(43238,'OCEGUERA MARES EVA ANGELINA'),(43241,'AVITIA CERVANTES ROSA ADILENE'),(43243,'VALDIVIA MARTINEZ JULIA FLORENCIA'),(43246,'FLORES GASTELUM ALEXSANDRA GUADALUPE'),(43304,'MEDINA OJEDA MONICA LIZBETH'),(43307,'PINEDA HERAZO ALCIRA DEL SOCORRO'),(43318,'DURAZO BARBA MARIA DEL CARMEN'),(43368,'MUÑOZ HERNANDEZ OMAR'),(43383,'ROMAN RODRIGUEZ NAYLEA JUDITH'),(43402,'AGUILAR MARTINEZ CLAUDIA GABRIELA'),(43408,'DIAZ VEGA ALAN GIOBANY'),(43432,'DAVALOS CARDENAS DANIEL'),(43441,'VILLANUEVA VALDEZ JOSE TOMAS'),(43457,'QUINTERO LUNA EVANGELINA'),(43472,'GOMEZ ORDUÑO YARELI GUADALUPE'),(43481,'BADILLA ALADUEÑA MARIBEL'),(43512,'MORENO  VIRGINIA'),(43521,'DE LOS SANTOS AMBRIZ MARCOS ANTONIO'),(43555,'PONS RANGEL RICARDO'),(43566,'SILVA GUATEMALA ANDREA'),(43571,'PERES MENDEZ MARICELA ELIZABETH'),(43572,'RAMOS TORRES NORMA LEONOR'),(43573,'SALAZAR MARTINEZ CARLOS JARET'),(43580,'ALCARAZ VERA GABRIEL'),(43586,'NILA FRANCO ALEJANDRA'),(43598,'AVILES GAMEZ MELISSA ANAHI'),(43606,'JOHNSON HERNANDEZ MAYRA CATALINA'),(43610,'LOPEZ BENAVIDES DAVID ALEJANDRO'),(43617,'SAAVEDRA ALMEIDA KENIA GUADALUPE'),(43622,'LOPEZ MURO DULCE MARIA'),(43653,'IRIARTE CORREA HILDA LIZBETH'),(43660,'ROBLERO GALVEZ EVERARDO'),(43661,'LOPEZ RAMOS ANA LAURA'),(43667,'PEÑA LEON MISAEL'),(43673,'MENDEZ MORALES GABRIEL'),(43685,'ANAYA SOLIS MARIA CARMEN'),(43690,'BOGARIN IBARRA CINDY'),(43691,'BARBA MATA CLAUDIA EDITH'),(43718,'ACUÑA RAMIREZ MARGARITO'),(43741,'VARELA LOPEZ ADRIAN'),(43755,'GALARZA MEJIA MIGUEL'),(43793,'CUAMEA FLORES ELSA MARIA'),(43801,'VEGA BUSTAMANTE YOLBETH YARELI'),(43802,'AVILA DE LA ROSA ANGEL ANTONIO'),(43837,'RAMIREZ GONZALEZ MARIA MAGDALENA'),(43864,'TIZNADO SEVILLA MARISELA'),(43890,'DOMINGUEZ OCHOA GUSTAVO'),(43897,'SALGADO QUINTERO DIANA FERNANDA'),(43905,'BAÑUELOS CISNEROS CRISTOBAL'),(43921,'ORTIZ ZUÑIGA ARMANDO'),(43922,'ORTIZ ZUÑIGA LUCIA ANASTASIA'),(43924,'TAPIA LLANEZ GABRIEL ALEJANDRO'),(43931,'TORRES MACIAS FRANCISCO BENIGNO'),(43933,'ESPINOZA CARDENAS DIANA MALENI'),(43942,'LOPEZ GARCIA JENIFFER'),(43958,'BOCANEGRA PEREZ MA. GUADALUPE'),(43964,'CASTAÑEDA ORTIZ SERGIO MANUEL'),(43981,'VELAZQUEZ ESPINOZA MARIA DEL ROSARIO'),(43986,'TALAMANTES DOMINGUEZ MARIA ISABEL'),(43991,'FERREL TORRES MARILIN LIZETH'),(44001,'GUTIERREZ ESQUIVEL LIZBETH ADRIANA'),(44014,'ULLOA GONZALEZ DANIELA'),(44018,'LOPEZ BOJORQUEZ ANDREA'),(44027,'MARTINEZ HERNANDEZ LUCERO'),(44031,'IBARRA BAUTISTA LUZ ELENA'),(44036,'MEZA ALVARADO MARIA ISABEL'),(44041,'AMEZCUA IBARRA CARLOS DANIEL'),(44043,'HERRERA SOTO YANELY'),(44045,'ARROYO CORDOVA MARCO ANTONIO'),(44054,'GALEANA BAÑUELOS BRIAN OSCAR'),(44056,'RAMIREZ CAMPOS IVAN RODRIGO'),(44058,' GONZALEZ VALENZUELA ADAMARYS'),(44096,'CASAS SOSA JAVIER'),(44097,'RAMIREZ GOMEZ MARIA DE LOURDES'),(44101,'OJEDA GOMEZ BRISA'),(44113,'RUIZ ULLOA JORGE ARMANDO II'),(44115,'SOTO RAMIREZ YAZMIN'),(44117,'VELARDE VELARDE JOSEFINA'),(44118,'SIORDIA MEDRANO JAZMIN ELIZABETH'),(44123,'SANCHEZ OLAIS GRACIELA FERNANDA'),(44141,'DE LA TORRE REYES DAYANARA'),(44149,'VALENCIA RODRIGUEZ MARGARITA IVONNE'),(44153,'LUNA HERNANDEZ KARLA VANESSA'),(44172,'CRUZALTA HERMENEGILDO ANTONIO'),(44174,'CASTILLO ESPARZA OSCAR DANIEL'),(44185,'SALAZAR  ALEJANDRA'),(44204,'RODRIGUEZ ACEVEDO MARIA DE LOS ANGELES'),(44219,'AGUILAR CARVAJAL HECTOR EDUARDO'),(44237,'MONCADA ABRICA SENORINA'),(44272,'BELTRAN BELTRAN FERNANDO'),(44274,'MORENO GONZALEZ LUIS ANGEL'),(44276,'AVILA VILLARRUEL JULIO CESAR'),(44280,'HERNANDEZ VARGAS CLAUDIA ELVIRA'),(44285,'BAEZA OLMEDO ALEJANDRA DENIS'),(44292,'DE SANTIAGO OLMEDO JULIA BERENICE'),(44298,'SALADO NEPONUCENO ANAYELI'),(44301,'HINOJOSA CALVILLO MARCO ANTONIO'),(44302,'ROMERO CASTRO DANIEL'),(44316,'ROSALES HERRERA KEYSI MONSERRAT'),(44329,'TOLENTINO VELAZCO BEATRIZ'),(44333,'DE LA CRUZ SILVA ARACELI'),(44341,'LOPEZ ROMERO ROBERTO'),(44358,'PADILLA HERNANDEZ CARLOS ADRIAN'),(44363,'MENDEZ VARGAS MA. GABRIELA'),(44382,'SOLIS SEAMAN KATHYA EMILY'),(44386,'VALENZUELA VALENZUELA JOSE RAMON'),(44390,'GARCIA HERNANDEZ ALMA JUDITH'),(44397,'RODRIGUEZ VELAZQUEZ SAIDA VEARELY'),(44404,'TORRES AGUILAR FELIPE'),(44412,'MONTIEL CORRAL THELMA'),(44423,'HERNANDEZ VILLEGAS JUDITH FELICITAS'),(44432,'ESPINOZA HIGUERA MAYRA'),(44436,'RANGEL DELFIN PETRA'),(44456,'VILLEGAS MONJARAZ CARLOS ANTONIO'),(44465,'LUNA ACEVES ALEJANDRO'),(44466,'RAMIREZ CARRILLO ANTONIO'),(44471,'BAEZA OLMEDO PAOLA'),(44481,'GUERRERO LIZARRAGA RAFAELA'),(44492,'CASTILLO GARCIA GUADALUPE'),(44493,'PARRA PEREZ JESUS'),(44503,'LOPEZ MONROY CARMEN ISABEL'),(44516,'ZAZUETA BOJORQUEZ CINTHIA VIRIDIANA'),(44546,'ROMERO REAL CESAR'),(44586,'RAMIREZ LEDEZMA MARCO ANTONIO'),(44611,'MORENO OSUNA KEVIN'),(44615,'VERDUGO RUIZ MAYRA ROCIO'),(44623,'PEÑA ESCOBAR MARIO ALBERTO'),(44627,'ROBLEDO TORRES JUAN ANTONIO'),(44632,'LOROÑA CEBREROS JOSE HERIBERTO'),(44634,'SOLIS GARRAFA ADAN'),(44635,'GERONIMO TELLES NORA'),(44644,'CARRASCO HERNANDEZ MIGUEL ANGEL'),(44673,'VILLEGAS CORNIDEZ JUAN PEDRO'),(44708,'ONTIVEROS MARTINEZ EMILI JUDITH'),(44713,'TORRES LOROÑA BRENDA'),(44719,'ANGULO RODRIGUEZ MARTHA ALICIA'),(44728,'RIVERA VALENZUELA JESUS ARMANDO'),(44729,'OCHOA ZUNO OMAR'),(44740,'BELTRAN CORONA ALVARO GUADALUPE'),(44743,'LOPEZ ARREDONDO JUAN ROBERTO'),(44781,'TORRES LOPEZ ANGEL ARISTOTELES'),(44789,'ARCE VAZQUEZ MARIO ALBERTO'),(44793,'RUIZ FLORES LAISHA PATRICIA'),(44818,'LUGO MOTA ELSA GUADALUPE'),(44832,'QUIÑONES VALENZUELA SANDRA DENIS'),(44833,'NAYOTL XIQUE RODOLFO'),(44844,'ANDALIA ANGUIANO JESUS EMMANUEL'),(44853,'LOPEZ JAUREGUI ROSALVA'),(44874,'CORONA ALALAH JOSE IMAN'),(44876,'PEREYDA VENEGAS BIBIANA'),(44913,'RAMIREZ RAZO CLAUDIA MARIA'),(44917,'GOMEZ MARTINEZ JORGE EDUARDO'),(44922,'MARTINEZ ROSALES MARCO ALAN'),(44931,'CONTRERAS MOROYOQUI CHRISTIAN RICARDO'),(44956,'VARGAS GONZALEZ LORENA'),(44990,'ALCALA AMAYA CYNTHIA BERENICE'),(45010,'FLORES JIMENEZ MARIO ALEJANDRO'),(45015,'MORENO CAMPAS NALLELY ESMERALDA'),(45042,'ROSALES LOPEZ ESTHELA'),(45060,'MENDEZ COTA JAREDT'),(45073,'RANGEL RUIZ MONICA GISSEL'),(45085,'LABIS HERRERA JANET'),(45087,'ABARCA BOLAÑOS AGUSTIN'),(45089,'BETANCOURT OCHOA JOSEFINA'),(45094,'TORRES ALVARES JUAN ANDRES'),(45095,'MORALES SANCHEZ JESUS ADRIAN'),(45112,'ALDRETE SILVA HECTOR FERNANDO'),(45113,'PAEZ MORENO SERGIO ENRIQUE'),(45116,'PEREZ ARELLANO JACQUELINE'),(45138,'PEREZ NOPAL CECILIA'),(45147,'CORONA SERRANO GABRIEL'),(45149,'BALDERRAMA FELIX LEONARDO URIEL'),(45153,'GARCIA VALENZUELA LIZBETH GUADALUPE'),(45162,'FUENTES FRANCO ROSA AMERICA'),(45180,'VILLARREAL CRUZ CRUZ'),(45189,'AVITIA MORALES JESUS ALFONSO'),(45198,'AGUILAR ESTRADA ROSA LILIA'),(45215,'COTA BERNAL KAREN JAZMIN'),(45245,'PANTALEON VILLA ADOLFO'),(45250,'GAONA TORRES BARBARA'),(45256,'CERVANTES RODRIGUEZ ELISA'),(45262,'RANGEL RANGEL CRISTOBAL ADRIAN'),(45271,'SALAZAR RIVERA EDGAR OMAR'),(45272,'SANTIAGO MESINAS OSEAS'),(45273,'RUIZ ROSALES BLANCA LUZ'),(45292,'GAMEZ SALAZAR PATRICIA ANTONIA'),(45302,'BALDERRAMA FELIX JONATHAN'),(45311,'CORONEL AGUILAR PERLA'),(45320,'TORRES HERNANDEZ FREDY LEOBARDO'),(45342,'SEPULVEDA DE LEON JESUS ENRIQUE'),(45352,'RAMIREZ VELAZQUEZ CLAUDIA PATRICIA'),(45356,'JIMENEZ CUADRAS BEATRIZ DEL ROSARIO'),(45357,'HERNANDEZ GAITAN JOSE SILVINO'),(45360,'NUÑEZ HUCHIN GERARDO MANUEL'),(45363,'CARRILLO ORTIZ SOFIA'),(45367,'PEREZ DAVIDSON ROBERTO IVAN'),(45375,'PARRA GONZALEZ URIEL'),(45379,'GONZALEZ HERNANDEZ JOSIAS'),(45384,'SOTO DIAZ JULISSA'),(45408,'CRUZ DOMINGUEZ GABRIELA'),(45421,'DE LA ROSA ZARAGOZA RUBEN ALONSO'),(45433,'TUY AGUILAR LILIANA YAQUELIN'),(45434,'SALAZAR TORRES DALIA BEATRIZ'),(45438,'ARBALLO RUIZ JESUS ENRIQUE'),(45443,'QUIÑONES ALVAREZ LIZBETH GUADALUPE'),(45451,'CRUZ RAMOS ALEJANDRA'),(45452,'RODRIGUEZ GARCIA LEONOR ESTHER'),(45454,'JIMENEZ CABRERA MARIA AZUCENA'),(45478,'GOMEZ PEREZ DULCE NAYELI'),(45480,'MORENO CARRANZA FRANCISCO JAVIER'),(45481,'ROSTRO MARTINEZ VALENTINA'),(45487,'URQUIZO LIERA ELIAS'),(45506,'LOPEZ GONZALEZ CLARA'),(45510,'IZAGUIRRE MORALES NICZA ARELI'),(45512,'GALVAN RODRIGUEZ VANESSA'),(45514,'BADILLA GUERRA ARACELI'),(45517,'ONOFRE TALAVERA ROSA LILIA'),(45533,'BECERRIL CUARENTA CRISTINA MARLEN'),(45546,'VALLE  RAMON ALONSO'),(45547,'GUZMAN VALENZUELA MARCO ANDRE'),(45561,'GOMEZ ALVAREZ VICTORIANA'),(45569,'SANCHEZ HERNANDEZ SONIA'),(45574,'PALOMARES VASQUEZ ELIAS'),(45585,'DIAZ  QUINTERO KARLA GUADALUPE'),(45609,'CAMACHO  ROCHA ALMA NEREYDA'),(45625,'REYES TELESFORO YESIRET'),(45629,'MORENO  HERRERA EMMANUEL'),(45630,'VALENZUELA ELIZALDE  FRANCISCA'),(45631,'HERNANDEZ PEREZ FRANCISCO GERARDO '),(45635,'SANTIAGO GOMEZ HECTOR'),(45645,'REYES FARELO LIZBETH'),(45649,'NAVARRETE OLIVAS LUIS OMAR'),(45657,'AVILEZ GUZMAN ISRAEL JESUS'),(45663,'AGUIRRE CARRILLO FELIPE DE JESUS'),(45664,'PACHECO  ZAVALA ISAAC'),(45670,'SANCHEZ GAONA MOISES'),(45675,'GOMEZ SALDAÑA FRANCISCO MANUEL'),(45679,'PIMIENTA HERNANDEZ DEIDAMIA'),(45687,'CANTU CONTRERAS CELIA ROSALBA'),(45706,'MEDRANO SANTOS NANCY'),(45709,'PEREZ AVENA CRISTINA'),(45726,'RAMIREZ OLAN DULCE MARIA'),(45730,'NUÑEZ MURRIETA JANET'),(45747,'DOMINGUEZ DOMINGUEZ EUSTORGIO'),(45750,'OROPEZA MORENO SAMUEL DE JESUS'),(45751,'VILLEGAS ARANDA ARTURO RENE'),(45761,'REYES FLORES LAURA ANGELICA'),(45762,'TOMAS SAUCEDO YAJAIRA LIZETH'),(45766,'SANCHEZ FUENTES JESUS RAMON'),(45778,'HERNANDEZ ZAVALA LEONARDO DANIEL'),(45779,'GUZMAN FIERROS GUSTAVO'),(45781,'SERRANO   BERTHA ANGELICA'),(45784,'LOPEZ FLORES MARIBEL'),(45786,'COLIS NAVARRO KARLA DANIELA'),(45787,'LEON  GUTIERREZ FRANCISCO RAMSES'),(45796,'PEREZ BRIONES JESUS MANUEL'),(45810,'SERRANO   SONIA IDALI'),(45811,'FLORES FELIZ JOSE MANUEL'),(45823,'ROCHA  LUGO PASTOR DAVID'),(45825,'LUZANILLA ESCALANTE GUADALUPE MONSERRAT'),(45828,'MARTINEZ LARA ADAN'),(45834,'LOPEZ ESTRADA MARIA DE JESUS'),(45837,'LOPEZ ESPINA ESTEFANI NAYELI'),(45845,'HERNANDEZ GARCIA LUCERO'),(45849,'FLORES HERNANDEZ RICARDO'),(45893,'ELIAS SANCHEZ REYNA VANESA'),(45898,'ARAGON BONILLA ROSALINDA'),(45902,'RAMIREZ  GARCIA JULIO ANTONIO'),(45906,'VERDUGO VALENZUELA JOSE ANTONIO'),(45921,'GONZALEZ NAVARRETE MARIA DE LA LUZ'),(45927,'FLORES MARTINEZ MARIA DEL ROSARIO'),(45930,'GONZALEZ MICHEL MIGUEL ANGEL'),(45936,'DE LA TORRE GONZALEZ GILBERTO'),(45939,'RUIZ ANGEL ISEL ANTONIO'),(45940,'VALENZUELA RODRIGUEZ MARCO ANTONIO'),(45942,'VELAZQUEZ ARELLANO CLAUDIA ISELA'),(45945,'VILLA BERMUDEZ ALEJANDRO'),(45946,'CORTES  MORAN SANDI NOHEMI'),(45949,'RUELAS MORENO JUAN'),(45952,'MARTINEZ  LORENZO VENANCIO'),(45964,'GONZALEZ RODRIGUEZ SERGIO'),(45972,'MUÑOZ AGUILAR  KAREN YAZMIN'),(45974,'JIMENEZ MADRIGAL LINCEY MARIA'),(45975,'ORDUÑO VALENZUELA JOSE ANTONIO'),(45977,'AVILA ARAUJO HERIBERTO'),(45981,'DOMINGUEZ ESTRADA LEONEL DE JESUS'),(45982,'JIMENEZ MADRIGAL FERMIN JR JOVANNY'),(45984,'CEJA GUTIERREZ SARAI'),(45996,'ZACARIAS  MEXIA LESLIE NALLELY'),(46002,'RICO  PAZ CINTHYA MARIA'),(46013,'MENDEZ JACOBO MINERVA'),(46019,'VASQUEZ SALAZAR  FRANCISCO'),(46020,'GALAVIZ  ESPINOZA LEONOR ANGELICA'),(46021,'VELAZQUEZ ELIAS JUAN FERNANDO'),(46031,'PEREZ VIDAL CANDELARIA'),(46044,'CAPI AMBROS KEVIN URIEL'),(46048,'SANTOS GUZMAN CECILIA YAJAIRA'),(46060,'MOTA BAHENA CITLALLI BERENICE'),(46062,'GUTIERREZ DIAZ MARGARITA'),(46071,'SANDOVAL CRUZ MARIA ELENA '),(46078,'HERNANDEZ VAZQUEZ GLORIA ARACELI'),(46079,'LEDEZMA DOMINGUEZ ISELA HERMELINDA'),(46092,'TAPIA DEL ANGEL MAXIMILIANO'),(46095,'JIMENEZ TIZNADO EMILIANO'),(46104,'GONZALEZ  ROJO EDGAR EDUARDO'),(46110,'TORRES VALENZUELA ADRIAN'),(46115,'DIAZ GARCIA ISIDORA'),(46118,'COTA VAZQUEZ JOSE LUIS'),(46121,'VALDIVIA MARTINEZ GLORIA ISELA'),(46129,'FERNANDEZ LOPEZ JENNIFER PAOLA'),(46131,'VILLALOBOS  ARJON  GUILLERMO'),(46139,'HERNANDEZ MORENO EDUVIGES'),(46148,'LOPEZ CRUZ MARCO ANTONIO'),(46156,'PALOMERA  REYNOSO ALEXIS'),(46159,'CHAGOYA MATA CARLOS DANIEL'),(46166,'AQUINO ANAYA JORDI'),(46188,'MENDOZA VEGA MARIA GUADALUPE'),(46194,'OLGUIN  SANDOVAL JOCELYN VANESSA'),(46200,'FLORES AVANTES GISELA'),(46233,'SANTIAGO MESINAS KATY'),(46249,'MISQUEZ SANCHEZ JUNYVE GUADALUPE'),(46250,'PEÑUELAS ROMAN JOBANI'),(46253,'CARMONA OCON GLORIA YANETH'),(46254,'RIVERA  LOPEZ ANDREA LIZETH'),(46269,'GAMEZ MORALES VLADIMIR'),(46277,'MENDOZA CASTILLO JESUS'),(46278,'BELMAN ESCOTO OSVALDO'),(46285,'UTRERA ALONSO PERLA BEATRIZ'),(46293,'BRAVO DURAN ELIA ESTHER '),(46295,'TORRES MARTINEZ LILIANA MONSERRAT'),(46301,'ADORNO PIMIENTA JESUS CONCEPCION'),(46307,'DOMINGUEZ FERNANDEZ YESENIA'),(46318,'TANORI GARCIA BRIANDA YUDZARA'),(46322,'OROZCO VALDEZ GABRIEL'),(46327,'MACIEL ESPINOZA SABINO AURELIO'),(46340,'GONZALEZ FLORES EVA'),(46343,'GUZMAN SIQUEIROS GERMAN EDUARDO'),(46352,'GONZALEZ   LUIS ANTONIO'),(46356,'ZAVALA MARQUEZ JENNIFER'),(46363,'MARTINEZ SARABIA RAUL RAFAEL'),(46365,'CAMACHO  SANCHEZ GERARDO'),(46366,'ARZAC QUIJADA MERCEDES'),(46367,'DOMINGUEZ PEREA KAREN MARGARITA'),(46374,'ROBLERO  LOPEZ ANGELA YOMARA'),(46376,'ZOZAYA MENDOZA ARACELI'),(46382,'LEAL HERNANDEZ SANDRA GUADALUPE'),(46384,'SOSA PABLOS SHARON MICHELLE'),(46386,'SOSA PABLOS ELISA GUADALUPE'),(46387,'CATAÑO VEGA DALIA VERONICA'),(46394,'LEAL MARQUEZ KENYA YANNET'),(46398,'FIGUEROA LEYVA MARIA CONCEPCION'),(46407,'ORTIZ DE MENDEZ JENNY CORINA'),(46418,'MEDINA CANO SANDY NANCY'),(46432,'ESPINOSA PADILLA RUBI'),(46439,'ALVAREZ BARAJAS  ANA GABRIELA'),(46440,'RUIZ BALLESTEROS ANGEL ALBERTO'),(46447,'GONZALEZ  AVILA ADOLFO ESTEBAN'),(46466,'DIAZ  QUINTERO CARLOS ALFREDO'),(46468,'GUERRERO RANGEL JUAN ANTONIO'),(46479,'BROWNELL ROMERO JOHANA LIZBETH'),(46480,'FELIX MORENO JOSE EDUARDO'),(46498,'ULLOA VARGAS TIFFANY'),(46500,'RUIZ GARIBAY TANIA LYDYE'),(46508,'RAMIREZ MEDINA NATALY ALEJANDRA'),(46523,'VARGAS  GARCIA JOSUE'),(46525,'RAMOS RODRIGUEZ EDILMA YUDITH'),(46528,'SANCHEZ COVARRUBIAS MARIA DEL CARMEN'),(46536,'AGUILAR  MARTIN KELSY YADEY'),(46539,'LOPEZ BOBADILLA JOAN MANUEL '),(46544,'GUTIERREZ CALDERON CAROLINA'),(46545,'JIMENEZ LOPEZ OMAR CAIN'),(46553,'SANTOS LOPEZ CINTHIA LIZETH'),(46554,'REYES SEPULVEDA ZAYRA LIVIETH'),(46561,'CASTRO MANTOS GEYCEL'),(46562,'CASTRO MANTOS CRISTIAN IVAN'),(46595,'YOCUPICIO LUGO JANETH MARISOL'),(46598,'VALENZUELA HIGUERA BARBARA CAMILA'),(46602,'CISNEROS LOPEZ DIANA DANIELA'),(46607,'CISNEROS LOPEZ ESTEBAN RAFAEL'),(46624,'AMBRIZ PRECIADO JUAN ADRIAN'),(46627,'ROJAS GONZALEZ KARLA JANET'),(46629,'MIRANDA  OCEGUERA MARITZA ALEJANDRA '),(46642,'VAZQUEZ SANCHEZ GAEL'),(46644,'MENDOZA MORALES  ROXANA'),(46654,'ORDOÑEZ GARCIA VALERIA'),(46660,'AVALOS PARDO CITLALY'),(46669,'RODRIGUEZ VILLAGOMEZ JOVANA ITZEL'),(46670,'ATONDO CERVANTES JUANA OSIRIS'),(46673,'GONZALEZ  TOLEDO DULCE MARIA'),(46677,'RODRIGUEZ HIDALGO MARIA TERESA'),(46678,'NUÑEZ HUCHIN EMMA MARGARITA'),(46682,'ZAVALA AYON EDUARDO GUADALUPE'),(46685,'BALDERAS PEREZ MARCO ANTONIO'),(46692,'GOMEZ GARCIA ANGELICA'),(46697,'MORALES RENDON JORGE OMAR'),(46709,'ZALDIVAR ALVAREZ ALEXANDRA CLAUDIA ABIGAIL'),(46710,'IÑIGUEZ LICEA MARTIN ALFONSO'),(46719,'LOPEZ DIAZ JESUS RAMON'),(46721,'FRANCO CARRILLO ANA ISABEL'),(46722,'RUBIO BUSTAMANTE CARLOS DANIEL'),(46726,'ROMERO LOPEZ JESUS DAVID'),(46735,'CORRAL LEYVA ADRIANA RENE'),(46737,'AGUNDEZ CAMACHO PATRICIA'),(46746,'LERMA DOMINGUEZ EDGAR'),(46752,'CAMACHO HURTADO CYNTHIA JAZZMIN'),(46757,'DOMINGUEZ OCEGUERA JOSE ARMANDO'),(46759,'HERNANDEZ FLORES ESTEFANY'),(46760,'ZAPATA ULIN FRANCISCO JAVIER'),(46767,'NICOLAS NUÑEZ YASMIN'),(46769,'FLORES PEREZ NANCY'),(46775,'GARCIA JIMENEZ MARINA'),(46784,'VENEGAS LOPEZ JOSE GUADALUPE'),(46791,'CRISANTO JUAREZ GERARDO'),(46800,'MACIAS BUSTAMANTE MARIA DE LA LUZ'),(46805,'FELIX GALVAN PEDRO JOSUE'),(46809,'RIVERA MORALES ALMA ANDREA'),(46810,'RIVERA MORALES LEONARDO'),(46811,'ANDUAGA SANCHEZ JESUS'),(46812,'VARGAS SAUCEDO VERONICA'),(46816,'CRUZ VALTIERRA ESTEBAN'),(46827,'HERNANDEZ GRANADOS TERESA'),(46840,'RUIZ MARTINEZ RIGOBERTO'),(46850,'RAMIREZ DOMINGUEZ LUCIA'),(46851,'MARTINEZ LOPEZ MARIA LUISA'),(46852,'CORTEZ INFANTE MARLEN'),(46859,'HERNANDEZ VAZQUEZ JOSE'),(46860,'PAEZ PONCE MARIO ALBERTO'),(46862,'GARCIA VALLEJANO GRICELDA'),(46876,'MORALES CONTRERAS JAVIER DAMIAN'),(46877,'LAGUNAS HERNANDEZ RICARDO'),(46882,'PEREZ CUEVAS BEATRIZ ALEJANDRA'),(46883,'LARA QUIÑONEZ ROSA ARACELI'),(46884,'JAIME LOPEZ ALICIA NOEMI'),(46896,'LOPEZ CASTAÑEDA JUAN CARLOS '),(46903,'AGUIRRE BELTRAN JESUS RICARDO'),(46904,'CUEVAS VEGA MARCO ALEXIS'),(46905,'ZAMORA DUARTE JOSEFINA'),(46917,'CERVANTES GARCIA SERGIO RAMSES'),(46918,'MARTINEZ FERNANDEZ FRANKLIN'),(46922,'CHAVEZ VARGAS KARLA ITZEL'),(46929,'HUERTA GALLARDO VALERIA DEL CARMEN'),(46941,'CEBREROS MUÑOZ JUAN ALBERTO'),(46943,'CASTRO GRACIANO JESUS EDUARDO'),(46945,'CAMPOS DE LEON JAVIER ALEJANDRO'),(46947,'ACEVEDO LOPEZ BRENDA YANET'),(46948,'TORRES DIAZ JOSE EFRAIN'),(46949,'MONTAÑO ZARAGOZA PERLA KARINA'),(46951,'CORDOVA HERNANDEZ ALMA LORENA'),(46958,'MEDINA   KARLA NAYELI'),(46962,'CRUZ ALVAREZ ROSSY LIZET'),(46963,'ROJO GAXIOLA  MARCO ANTONIO'),(46965,'PEÑA SIERRA ISMAEL'),(46968,'ALVARADO NAVA JOSE MANUEL'),(46970,'CERVANTES ESPINOZA LUIS ALFREDO'),(46973,'SANCHEZ ALFARO PILAR ALEEN'),(46977,'AGUILAR VAZQUEZ ROBERTO ANTONIO'),(46980,'GONZALEZ RIVERA ALEJANDRO ISRAEL'),(46984,'SOLIS SANCHEZ VICTOR MANUEL'),(46985,'ARREDONDO COTA JAIRO ARTURO'),(46990,'HERNANDEZ LOPEZ MONICA DENISSE'),(46996,'IBARRA ORTEGA EDGAR MARTIN'),(46999,'ACEVEDO BAEZ MARIA DE LOS ANGELES'),(47003,'CHAIDEZ SOTO   MARTHA BETZAIDA'),(47004,'VASQUEZ SAMANO NAYDELYN MARITZA'),(47007,'GARCIA OROZCO ELIZABETH'),(47010,'ZACARIAS TORRES HECTOR'),(47012,'MUÑOZ CASTRO LETICIA ISABEL'),(47013,'AGUILAR ZAMUDIO DANNA ERNESTINA'),(47014,'ZAMUDIO   ROSA ISELA'),(47022,'ROMERO SANCHEZ KENNY NAHOMY'),(47024,'OCHOA SIQUEIROS GUILLERMO FRANCISCO'),(47028,'CASTILLO YANES LESLIE MICHEL CAMILA'),(47032,'MEDINA  GUZMAN VANESSA GUADALUPE'),(47034,'RODRIGUEZ AGUILAR CESAR'),(47035,'DIAZ FUENTES BERENICE MAYREN'),(47039,'NIETO HUEPALCALCO CARE YESENIA'),(47040,'NIETO  HUEPALCALCO YASMIN'),(47042,'DE LA TORRE RIVERA ROSA ARACELI'),(47043,'MIRAMONTES VILLASEÑOR SOFIA ISABEL'),(47045,'DELGADO  ALVAREZ JOSE ANGEL'),(47046,'TORREROS MARTINEZ OSWALDO MIGUEL'),(47047,'RAMIREZ VALENZUELA FRANCISCO JAVIER'),(47051,'RAMOS GARCIA ROCIO'),(47052,'AGUAYO PEREZ MARIA DEL PILAR'),(47054,'LARIOS NAVARRETE WENDY JANNETTE'),(47056,'OROZCO VALDEZ ESTEBAN'),(47057,'GOMEZ BALCAZAR MARIA XITLALY'),(47061,'PADILLA ORTEGA FRANCISCO ANTONIO'),(47064,'VELAZQUEZ HERNANDEZ ERICK DANIEL'),(47069,'GALLARDO HUANTE DAVID ENRIQUE'),(47070,'MERCADO BERNAL DULCE YESSENIA'),(47073,'CARRILLO MARTINEZ ALDO FRANCISCO'),(47075,'ALVAREZ ROSAS MILE ZHAMIRA'),(47076,'RAMIREZ GUTIERREZ JAIME OCTAVIO'),(47077,'ACOSTA MUÑOZ MARA KARYNA'),(47082,'GARCIA MONTALVAN ALDO STEPHANO'),(47083,'BRAGAL RUIZ BRENDA ELISA'),(47084,'SEPULVEDA  VITAL DAFNE GETSEMANI'),(47094,'RODRIGUEZ MOLINA VANESSA'),(47096,'RAMIREZ TORRES JOSE ARMANDO'),(47102,'FIGUEROA ROMERO ANALY'),(47103,'VELAZQUEZ ALANIS ROCIO FRANCIRY'),(47104,'CHAVEZ GUTIERREZ SERGIO ALAN'),(47112,'ACOSTA REYES SANDRA PAULINA'),(47113,'ROJAS GARCIA EBNER'),(47114,'CASTRO MILLAN GRECIA PATRICIA'),(47117,'JACOBO ESPINOZA MARTHA PATRICIA'),(47121,'MEJIA FELIPE NATIVIDAD'),(47122,'ROMERO MURILLO GUILLERMINA'),(47126,'JOAQUIN  MORENO CRUZ JOEL'),(47127,'MORENO JIMENEZ MARIA DE LOURDES'),(47128,'MAZON BENITEZ HIRAM'),(47129,'MEJIA  FELIPE MAGDALENA'),(47130,'FLORES SANTOS JULIA'),(47131,'DOROTEO  CLEMENTE JARINTZI GUADALUPE'),(47132,'GODINEZ  BELTRAN MARIO REFUGIO'),(47133,'HERNANDEZ ZAMORA VALENTIN'),(47134,'MORA  VENEGAS SAMUEL'),(47137,'BELTRAN ORANTES MARCO ANTONIO'),(47138,'BOJORQUEZ ORANTE GIOVANNI ANDREI'),(47139,'BRAVO CAMEZ FERNANDO ADRIAN'),(47141,'GARCIA LOPEZ BLANCA ALEJANDRA'),(47142,'LARA GARCIA FRANCISCO JAVIER'),(47143,'MENDOZA SANCHEZ ENRIQUE'),(47144,'GARCIA GARCIA ABELARDO'),(47145,'ARREDONDO LEYVA KIMBERLY KENNETH'),(47146,'VENEGAS RANGEL LESLI'),(47147,'ESCOBAR LULE JULIO CESAR'),(47148,'BON  CARMONA RAQUEL ESMERALDA'),(47152,'GAZCA OVALLES REBECA PAOLA'),(47154,'PONCE ESPINO OFELIA'),(47155,'GONZALEZ ALCARAZ CRISTIAN DANIEL'),(47156,'LAZCANO ORTIZ GILBERTO'),(47158,'ACOSTA GUZMAN JUAN FERNANDO'),(47159,'GARCIA MORAN YOSSELYM SUSANA'),(47160,'ALVARADO GOMEZ AHTZIRI DEL ROSARIO'),(47161,'SAUCEDA BELTRAN MARIA MERCEDES'),(47162,'MENDOZA MORALES JOEL'),(47163,'OLVERA GUTIERREZ DIEGO JORHAM'),(47164,'HERNANDEZ MENDEZ SAMANTHA SOLEDAD'),(47165,'GARCIA GARCIA MARIA AGRIPINA'),(47166,'VASQUEZ SAMANO JOSSELIN NAYELI');
/*!40000 ALTER TABLE `empleados` ENABLE KEYS */;
UNLOCK TABLES;

--
-- Table structure for table `locations`
--

DROP TABLE IF EXISTS `locations`;
/*!40101 SET @saved_cs_client     = @@character_set_client */;
/*!40101 SET character_set_client = utf8 */;
CREATE TABLE `locations` (
							 `location_id` int(11) NOT NULL AUTO_INCREMENT,
							 `location_name` varchar(255) NOT NULL,
							 `planner_id` int(11) NOT NULL,
							 `plant_id` int(11) NOT NULL,
							 PRIMARY KEY (`location_id`)
) ENGINE=InnoDB AUTO_INCREMENT=3 DEFAULT CHARSET=utf8mb4;
/*!40101 SET character_set_client = @saved_cs_client */;

--
-- Dumping data for table `locations`
--

LOCK TABLES `locations` WRITE;
/*!40000 ALTER TABLE `locations` DISABLE KEYS */;
INSERT INTO `locations` VALUES (1,'Short Term',1002,2),(2,'Long Term',815,2);
/*!40000 ALTER TABLE `locations` ENABLE KEYS */;
UNLOCK TABLES;

--
-- Table structure for table `scans`
--

DROP TABLE IF EXISTS `scans`;
/*!40101 SET @saved_cs_client     = @@character_set_client */;
/*!40101 SET character_set_client = utf8 */;
CREATE TABLE `scans` (
						 `id` int(11) NOT NULL AUTO_INCREMENT,
						 `emp_number` varchar(255) NOT NULL,
						 `location` int(11) NOT NULL,
						 `type` varchar(255) NOT NULL,
						 `check_in` datetime NOT NULL,
						 `check_out` datetime NOT NULL,
						 `hours_worked` float NOT NULL,
						 `schedule` varchar(255) NOT NULL,
						 `check_out_by` varchar(255) NOT NULL,
						 `created_at` timestamp NOT NULL DEFAULT current_timestamp(),
						 `was_updated` int(1) NOT NULL DEFAULT 0,
						 `updated_by` int(11) NOT NULL,
						 PRIMARY KEY (`id`)
) ENGINE=InnoDB AUTO_INCREMENT=116 DEFAULT CHARSET=utf8mb4;
/*!40101 SET character_set_client = @saved_cs_client */;

--
-- Dumping data for table `scans`
--

LOCK TABLES `scans` WRITE;
/*!40000 ALTER TABLE `scans` DISABLE KEYS */;
INSERT INTO `scans` VALUES (104,'1111',2,'regular','2022-09-20 19:08:34','2022-09-20 19:09:32',0.0161111,'reg2','Manual','2022-09-21 02:09:32',0,0),(105,'1111',2,'regular','2022-09-20 19:09:58','2022-09-20 19:11:29',0.0252778,'reg2','Manual','2022-09-21 02:11:29',0,0),(106,'1111',1,'regular','2022-09-20 19:11:29','2022-09-20 23:35:59',4.40833,'reg2','System','2022-09-21 02:11:30',0,0),(107,'2222',2,'rotating','2022-09-20 19:12:05','2022-09-20 19:13:21',0.0211111,'rot2','Manual','2022-09-21 02:13:21',0,0),(108,'2222',2,'rotating','2022-09-20 19:17:25','2022-09-20 19:17:48',0.00638889,'rot2','Manual','2022-09-21 02:17:48',0,0),(109,'2222',2,'rotating','2022-09-20 19:17:48','2022-09-21 05:59:59',10.7031,'rot2','Manual','2022-09-21 02:17:48',0,0),(110,'5678',1,'weekend','2022-09-20 19:27:11','2022-09-21 04:59:59',9.547,'w2','Manual','2022-09-22 22:41:05',1,8),(111,'30125',2,'regular','2022-09-26 13:36:57','2022-09-26 14:12:13',0.587778,'reg1','Manual','2022-09-26 20:36:57',0,0),(112,'2434',1,'regular','2022-09-26 22:54:15','2022-09-26 23:35:59',0.695556,'reg2','System','2022-09-27 05:54:16',0,0),(113,'8888',2,'rotating','2022-09-26 22:55:08','2022-09-26 22:55:40',0.00888889,'rot2','Manual','2022-09-27 05:55:08',0,0),(114,'8888',2,'regular','2022-09-26 22:56:09','2022-09-26 22:56:39',0.00833333,'reg2','Manual','2022-09-27 05:56:09',0,0),(115,'8888',1,'rotating','2022-09-26 22:56:39','2022-09-27 05:59:59',7.05556,'rot2','System','2022-09-27 05:56:39',0,0);
/*!40000 ALTER TABLE `scans` ENABLE KEYS */;
UNLOCK TABLES;

--
-- Table structure for table `users`
--

DROP TABLE IF EXISTS `users`;
/*!40101 SET @saved_cs_client     = @@character_set_client */;
/*!40101 SET character_set_client = utf8 */;
CREATE TABLE `users` (
						 `user_id` int(11) NOT NULL AUTO_INCREMENT,
						 `user_name` varchar(255) NOT NULL,
						 `user_department_id` int(11) NOT NULL,
						 `user_martech_number` int(11) NOT NULL,
						 `email` varchar(255) NOT NULL,
						 `password` varchar(255) NOT NULL,
						 `level` int(1) NOT NULL DEFAULT 0,
						 PRIMARY KEY (`user_id`)
) ENGINE=InnoDB AUTO_INCREMENT=3 DEFAULT CHARSET=utf8mb4;
/*!40101 SET character_set_client = @saved_cs_client */;

--
-- Dumping data for table `users`
--

LOCK TABLES `users` WRITE;
/*!40000 ALTER TABLE `users` DISABLE KEYS */;
INSERT INTO `users` VALUES (1,'jgomez',4,43044,'jgomez@martechmedical.com','$2y$10$1PzU6FeixARZ0ixR1R7SqeO5NjfaIa.ENqaKgBqAulXu4k0L2iXoy',2),(2,'Ingenieria',3,1,'ingenieria@mail.com','$2y$10$zDkYm0CjwoI3.v2PHUQVp.0viLB5CsVihOuDr5yKpbyvI.IpQVMtC',0);
/*!40000 ALTER TABLE `users` ENABLE KEYS */;
UNLOCK TABLES;
/*!40103 SET TIME_ZONE=@OLD_TIME_ZONE */;

/*!40101 SET SQL_MODE=@OLD_SQL_MODE */;
/*!40014 SET FOREIGN_KEY_CHECKS=@OLD_FOREIGN_KEY_CHECKS */;
/*!40014 SET UNIQUE_CHECKS=@OLD_UNIQUE_CHECKS */;
/*!40101 SET CHARACTER_SET_CLIENT=@OLD_CHARACTER_SET_CLIENT */;
/*!40101 SET CHARACTER_SET_RESULTS=@OLD_CHARACTER_SET_RESULTS */;
/*!40101 SET COLLATION_CONNECTION=@OLD_COLLATION_CONNECTION */;
/*!40111 SET SQL_NOTES=@OLD_SQL_NOTES */;

-- Dump completed on 2022-09-26 23:15:20
